序号,网站标识码,网站名称,首页网址,网站主管单位,网站状态
1,bm01000001,中国政府网,http://www.gov.cn/,中国政府网运行中心,正常
2,bm02000004,外交部网站,http://www.fmprc.gov.cn/;http://www.mfa.gov.cn/,外交部办公厅,正常
3,bm02000008,中国领事服务网,http://cs.mfa.gov.cn/,中华人民共和国外交部领事司,正常
4,bm04000007,国家发展改革委门户网站,http://www.ndrc.gov.cn,国家发展改革委办公厅,正常
5,bm04000008,全国公共资源交易平台,http://www.ggzy.gov.cn/,国家发展和改革委员会办公厅,正常
6,bm04000009,信用中国,http://www.creditchina.gov.cn/,国家公共信用信息中心,正常
7,bm04000010,全国投资项目在线审批监管平台互联网网站,http://www.tzxm.gov.cn,国家发展改革委,正常
8,bm05000001,教育部政府门户网站,http://www.moe.gov.cn,教育部办公厅,正常
9,bm05000002,教育部中国大学生在线,https://dxs.moe.gov.cn,教育部思想政治工作司,正常
10,bm05000005,中华人民共和国教育部教育涉外监管信息网,http://jsj.moe.gov.cn/,教育部国际合作与交流司（港澳台事务办公室）,正常
11,bm05000011,教育部全国青少年普法网,http://qspfw.moe.gov.cn/index.html,教育部政策法规司,正常
12,bm06000001,中华人民共和国科学技术部,http://www.most.gov.cn/,科技部办公厅,正常
13,bm06000003,中国国际科技合作网,http://www.cistc.gov.cn,科技部国际合作司,正常
14,bm06000004,中国科普网,http://www.kepu.gov.cn,中华人民共和国科学技术部科技人才与科学普及司,正常
15,bm06000005,国家科学技术奖励工作办公室,https://www.nosta.gov.cn,国家科学技术奖励工作办公室,正常
16,bm07000001,中华人民共和国工业和信息化部网站,https://www.miit.gov.cn,工业和信息化部,正常
17,bm07010001,北京市通信管理局,https://bjca.miit.gov.cn/,北京市通信管理局,正常
18,bm07020001,天津市通信管理局,http://tjca.miit.gov.cn/,天津市通信管理局,正常
19,bm07030001,河北省通信管理局门户网站,http://hbca.miit.gov.cn,河北省通信管理局,正常
20,bm07040001,山西省通信管理局,https://sxca.miit.gov.cn/,山西省通信管理局,正常
21,bm07050001,内蒙古自治区通信管理局门户网站,nmca.miit.gov.cn,内蒙古自治区通信管理局,正常
22,bm07060001,辽宁省通信管理局,http://lnca.miit.gov.cn/,工业和信息化部,正常
23,bm07070001,吉林省通信管理局,http://jlca.miit.gov.cn,吉林省通信管理局,正常
24,bm07080001,黑龙江省通信管理局官网,http://hljca.miit.gov.cn/,黑龙江省通信管理局,正常
25,bm07090001,上海市通信管理局官网,https://shca.miit.gov.cn/,上海市通信管理局,正常
26,bm07100001,江苏省通信管理局,https://jsca.miit.gov.cn,江苏省通信管理局,正常
27,bm07110001,浙江省通信管理局,https://zjca.miit.gov.cn/,浙江省通信管理局,正常
28,bm07120001,安徽省通信管理局网站,http://ahca.miit.gov.cn,安徽省通信管理局,正常
29,bm07130001,福建省通信管理局官方网站,http://fjca.miit.gov.cn,福建省通信管理局,正常
30,bm07140001,江西省通信管理局,jxca.miit.gov.cn,江西省通信管理局,正常
31,bm07150002,山东省通信管理局,http://sdca.miit.gov.cn/,山东省通信管理局,正常
32,bm07160001,河南省通信管理局,http://hca.miit.gov.cn/,河南省通信管理局,正常
33,bm07170001,湖北省通信管理局,http://hubca.miit.gov.cn,湖北省通信管理局,正常
34,bm07180001,湖南省通信管理局,http://hunca.miit.gov.cn/,湖南省通信管理局,正常
35,bm07190001,广东省通信管理局,https://gdca.miit.gov.cn/,广东省通信管理局,正常
36,bm07200001,海南省通信管理局,http://hnca.miit.gov.cn,海南省通信管理局,正常
37,bm07210001,广西壮族自治区通信管理局门户网站,gxca.miit.gov.cn,广西壮族自治区通信管理局,正常
38,bm07220001,四川省通信管理局,https://scca.miit.gov.cn,四川省通信管理局,正常
39,bm07230001,贵州省通信管理局,https://gzca.miit.gov.cn/,贵州省通信管理局,正常
40,bm07240001,重庆市通信管理局,http://cqca.miit.gov.cn/,重庆市通信管理局,正常
41,bm07250001,云南省通信管理局,https://ynca.miit.gov.cn/,云南省通信管理局,正常
42,bm07260001,西藏自治区通信管理局,http://xzca.miit.gov.cn,西藏自治区通信管理局,正常
43,bm07270001,陕西省通信管理局,http://shxca.miit.gov.cn,陕西省通信管理局,正常
44,bm07280001,甘肃省通信管理局,http://gsca.miit.gov.cn,甘肃省通信管理局,正常
45,bm07290001,青海省通信管理局,https://qhca.miit.gov.cn/,青海省通信管理局,正常
46,bm07300001,宁夏回族自治区通信管理局,http://nxca.miit.gov.cn,宁夏回族自治区通信管理局,正常
47,bm07310001,新疆维吾尔自治区通信管理局,https://xjca.miit.gov.cn/,新疆维吾尔自治区通信管理局,正常
48,bm08000014,国家民委网站,http://www.neac.gov.cn,国家民委舆情中心,正常
49,bm09000001,公安部举报中心,http://www.12389.gov.cn/,公安部警务督察局,例外
50,bm09000004,应急管理部消防救援局,http://www.119.gov.cn,应急管理部消防救援局,正常
51,bm09000011,网络违法犯罪举报网站,http://cyberpolice.mps.gov.cn/,公安部网络安全保卫局,正常
52,bm09000013,中华人民共和国公安部,http://www.mps.gov.cn,公安部办公厅,正常
53,bm09000025,天津出入境边防检查总站,http://tianjin.nia.gov.cn,天津出入境边防检查总站,正常
54,bm09000026,全国公安机关互联网安全管理服务平台,http://www.beian.gov.cn,公安部十一局,正常
55,bm09000027,公安部互联网交通安全综合服务管理平台,http://www.122.gov.cn,公安部交管局,正常
56,bm12000003,民政部门户网站,http://www.mca.gov.cn/,民政部办公厅,正常
57,bm13000002,司法部网站,http://www.moj.gov.cn,司法部办公厅,正常
58,bm13000003,中国法律服务网,http://bj.12348.gov.cn,中华人民共和国司法部办公厅,正常
59,bm14000001,中华人民共和国财政部,http://www.mof.gov.cn,中华人民共和国财政部办公厅,正常
60,bm14000002,中国政府采购网,www.ccgp.gov.cn,财政部国库司,正常
61,bm15000001,全国人力资源和社会保障政务服务平台,http://zwfw.mohrss.gov.cn/,人力资源和社会保障部,正常
62,bm15000003,国家专业技术人才知识更新工程,http://zsgx.mohrss.gov.cn,中华人民共和国人力资源和社会保障部,正常
63,bm15000004,世界技能大赛中国组委会官方网站,worldskillschina.mohrss.gov.cn,人力资源社会保障部职业能力建设司,正常
64,bm15000005,中国人力资源市场网,https://chrm.mohrss.gov.cn,人力资源和社会保障部,正常
65,bm15000006,中国就业网,chinajob.mohrss.gov.cn,人力资源和社会保障部,正常
66,bm15000008,中华人民共和国人力资源和社会保障部,http://www.mohrss.gov.cn/,中华人民共和国人力资源和社会保障部,正常
67,bm15000009,中国公共招聘网,http://www.job.mohrss.gov.cn/,人力资源和社会保障部,正常
68,bm15000010,中国人事考试网,http://cpta.mohrss.gov.cn,人力资源和社会保障部办公厅,正常
69,bm15000011,技能人才评价工作网,http://osta.mohrss.gov.cn,人力资源和社会保障部办公厅,正常
70,bm16000001,自然资源部门户网站,http://www.mnr.gov.cn/,自然资源部办公厅,正常
71,bm16000002,中国地质调查局,http://www.cgs.gov.cn,中国地质调查局,正常
72,bm17000002,生态环境部华北督察局,http://hbdc.mee.gov.cn/,中华人民共和国生态环境部,正常
73,bm17000003,生态环境部西南督察局,http://xndc.mee.gov.cn,中华人民共和国生态环境部,正常
74,bm17000004,生态环境部华南督察局,http://hndc.mee.gov.cn/,中华人民共和国生态环境部,正常
75,bm17000005,生态环境部西北督察局,http://xbdc.mee.gov.cn,中华人民共和国生态环境部,正常
76,bm17000006,生态环境部华东督察局,http://hddc.mee.gov.cn/,中华人民共和国生态环境部,正常
77,bm17000007,生态环境部西北核与辐射安全监督站,http://nwro.mee.gov.cn,中华人民共和国生态环境部,正常
78,bm17000008,生态环境部华北核与辐射安全监督站,http://nro.mee.gov.cn/,中华人民共和国生态环境部,正常
79,bm17000009,中华人民共和国生态环境部政府网站,http://www.mee.gov.cn/,中华人民共和国生态环境部,正常
80,bm17000012,生态环境部东北督察局,http://dbdc.mee.gov.cn,中华人民共和国生态环境部,正常
81,bm17000013,生态环境部华南核与辐射安全监督站,http://scro.mee.gov.cn/,中华人民共和国生态环境部,正常
82,bm17000014,生态环境部西南核与辐射安全监督站部门网站,http://swnro.mee.gov.cn/,中华人民共和国生态环境部,正常
83,bm17000015,生态环境部东北核与辐射安全监督站,http://nero.mee.gov.cn/,中华人民共和国生态环境部,正常
84,bm17000016,国家核安全局,http://nnsa.mee.gov.cn/,中华人民共和国生态环境部,正常
85,bm17000017,生态环境部华东核与辐射安全监督站,http://ecro.mee.gov.cn,中华人民共和国生态环境部,正常
86,bm17000018,生态环境部太湖流域东海海域生态环境监督管理局门户网站,http://thdhjg.mee.gov.cn/,中华人民共和国生态环境部,正常
87,bm17000019,生态环境部松辽流域生态环境监督管理局,http://sljg.mee.gov.cn/,中华人民共和国生态环境部,正常
88,bm17000020,生态环境部海河流域北海海域生态环境监督管理局网站,http://hhbhjg.mee.gov.cn,生态环境部办公厅,正常
89,bm17000021,生态环境部长江流域生态环境监督管理局,https://cjjg.mee.gov.cn/,中华人民共和国生态环境部,正常
90,bm17000022,生态环境部黄河流域生态环境监督管理局网站,https://huanghejg.mee.gov.cn,中华人民共和国生态环境部办公厅,正常
91,bm17000023,生态环境部珠江流域南海海域生态环境监督管理局网站,https://zjnhjg.mee.gov.cn/,中华人民共和国生态环境部,正常
92,bm17000024,生态环境部淮河流域生态环境监督管理局网站,https://huaihejg.mee.gov.cn,中华人民共和国生态环境部办公厅,正常
93,bm18000002,中华人民共和国住房和城乡建设部,http://www.mohurd.gov.cn/,住房城乡建设部,正常
94,bm19000001,交通运输部珠江航务管理局政府网站,https://zjhy.mot.gov.cn/,交通运输部珠江航务管理局,正常
95,bm19000004,交通运输部政府网站,http://www.mot.gov.cn/,交通运输部政策研究室,正常
96,bm19000005,交通运输部行政许可网上办理平台,http://xkpt.mot.gov.cn/,交通运输部办公厅,正常
97,bm19010001,中华人民共和国海事局政府网站,https://www.msa.gov.cn/,交通运输部海事局,正常
98,bm19020001,中华人民共和国上海海事局政府网站,www.sh.msa.gov.cn,上海海事局科技信息处,正常
99,bm19030001,中华人民共和国天津海事局政府网站,http://www.tj.msa.gov.cn/,中华人民共和国天津海事局,正常
100,bm19040002,中华人民共和国辽宁海事局政府网站,https://www.ln.msa.gov.cn,中华人民共和国辽宁海事局,正常
101,bm19050001,中华人民共和国河北海事局政府网站,http://www.hb.msa.gov.cn,河北海事局,正常
102,bm19060002,中华人民共和国山东海事局政府网站,https://www.sd.msa.gov.cn,中华人民共和国山东海事局,正常
103,bm19070001,中华人民共和国江苏海事局政府网站,http://www.js.msa.gov.cn/,中华人民共和国江苏海事局,正常
104,bm19080005,中华人民共和国浙江海事局政府网站,http://www.zj.msa.gov.cn/,中华人民共和国浙江海事局,正常
105,bm19090001,中华人民共和国福建海事局政府网站,http://www.fj.msa.gov.cn,福建海事局办公室,正常
106,bm19100001,中华人民共和国广东海事局政府网站,https://www.gd.msa.gov.cn/,中华人民共和国广东海事局,正常
107,bm19110001,中华人民共和国广西海事局政府网站,http://www.gx.msa.gov.cn/,中华人民共和国广西海事局,正常
108,bm19120001,中华人民共和国海南海事局政府网站,http://www.hn.msa.gov.cn/,海南海事局,正常
109,bm19130001,中华人民共和国黑龙江海事局政府网站,https://hlj.msa.gov.cn/,黑龙江海事局,正常
110,bm19140002,中华人民共和国深圳海事局政府网站,https://www.sz.msa.gov.cn/,中华人民共和国深圳海事局办公室,正常
111,bm19170001,中华人民共和国连云港海事局政府网站,www.lyg.msa.gov.cn,连云港海事局,正常
112,bm19400001,交通运输部长江航务管理局网站,https://cjhy.mot.gov.cn,交通运输部长江航务管理局,正常
113,bm19400002,长江三峡通航管理局,https://sxth.mot.gov.cn/,交通运输部长江航务管理局,正常
114,bm19410001,中华人民共和国长江海事局,http://cj.msa.gov.cn/,长江海事局,正常
115,bm20000001,中华人民共和国水利部网站,http://www.mwr.gov.cn/,水利部办公厅,正常
116,bm20010002,长江水利网,http://www.cjw.gov.cn,长江水利委员会,正常
117,bm20020013,黄河网,http://www.yrcc.gov.cn/,黄河水利委员会办公室,正常
118,bm20020018,河南黄河网,http://hnb.yrcc.gov.cn/,黄河水利委员会河南黄河河务局,正常
119,bm20020019,山东黄河网,http://sdb.yrcc.gov.cn/,山东黄河河务局办公室,正常
120,bm20030001,沂沭泗水利网,http://yss.hrc.gov.cn,淮河水利委员会沂沭泗水利管理局,正常
121,bm20030002,淮河水利网,http://www.hrc.gov.cn/,淮河水利委员会,正常
122,bm20040002,海河水利网,http://www.hwcc.gov.cn,水利部海河水利委员会,正常
123,bm20050002,水利部珠江水利委员会网站,http://www.pearlwater.gov.cn/,水利部珠江水利委员会,正常
124,bm20060001,松辽水利网,http://www.slwr.gov.cn/,水利部松辽水利委员会,正常
125,bm20070001,太湖网,http://www.tba.gov.cn/,水利部太湖流域管理局,正常
126,bm21000007,中华人民共和国农业农村部,www.moa.gov.cn,中华人民共和国农业农村部,正常
127,bm22000001,中华人民共和国商务部门户网站,http://www.mofcom.gov.cn,商务部电子商务和信息化司,正常
128,bm23000001,文化和旅游部政府门户网站,http://www.mct.gov.cn,中华人民共和国文化和旅游部办公厅,正常
129,bm23000004,中国文化网,http://www.chinaculture.org/,中华人民共和国文化和旅游部国际交流与合作局（港澳台办公室）,正常
130,bm24000006,中华人民共和国国家卫生健康委员会,http://www.nhc.gov.cn,中华人民共和国国家卫生健康委员会,正常
131,bm24000008,中国老龄协会,http://www.cncaprc.gov.cn/,中华人民共和国国家卫生健康委员会,正常
132,bm25000001,中国人民银行,http://www.pbc.gov.cn/,中国人民银行,正常
133,bm25000033,全国金融标准化技术委员会网站,http://www.cfstc.org/publish/main/index.html,中国人民银行科技司,正常
134,bm26000001,审计署门户网站,http://www.audit.gov.cn,审计署办公厅,正常
135,bm27000004,国务院国有资产监督管理委员会网站,http://www.sasac.gov.cn,国资委信息中心,正常
136,bm28000001,中国海关门户网站,http://www.customs.gov.cn,海关总署办公厅,正常
137,bm28000002,中国电子口岸,http://www.chinaport.gov.cn/,中华人民共和国海关总署,正常
138,bm28020001,中华人民共和国北京海关网站,http://beijing.customs.gov.cn/,北京海关办公室,正常
139,bm28030001,中华人民共和国天津海关网站,http://tianjin.customs.gov.cn,天津海关办公室,正常
140,bm28040001,中华人民共和国石家庄海关网站,http://shijiazhuang.customs.gov.cn,石家庄海关办公室,正常
141,bm28050001,中华人民共和国太原海关网站,http://taiyuan.customs.gov.cn/,太原海关办公室,正常
142,bm28060001,中华人民共和国呼和浩特海关网站,http://huhehaote.customs.gov.cn,呼和浩特海关办公室,正常
143,bm28070001,中华人民共和国满洲里海关网站,http://manzhouli.customs.gov.cn,中华人民共和国满洲里海关办公室,正常
144,bm28080001,中华人民共和国大连海关网站,http://dalian.customs.gov.cn,大连海关办公室,正常
145,bm28090001,中华人民共和国沈阳海关网站,http://shenyang.customs.gov.cn,中华人民共和国沈阳海关办公室,正常
146,bm28100001,中华人民共和国长春海关网站,http://changchun.customs.gov.cn,长春海关办公室,正常
147,bm28110001,中华人民共和国哈尔滨海关网站,http://harbin.customs.gov.cn,中华人民共和国哈尔滨海关办公室,正常
148,bm28120001,中华人民共和国上海海关网站,http://shanghai.customs.gov.cn,上海海关办公室,正常
149,bm28130001,中华人民共和国南京海关网站,http://nanjing.customs.gov.cn/,中华人民共和国南京海关办公室,正常
150,bm28140001,中华人民共和国杭州海关网站,http://hangzhou.customs.gov.cn,中华人民共和国杭州海关办公室,正常
151,bm28150001,中华人民共和国宁波海关网站,http://ningbo.customs.gov.cn,中华人民共和国宁波海关办公室,正常
152,bm28160001,中华人民共和国合肥海关网站,http://hefei.customs.gov.cn,中华人民共和国合肥海关办公室,正常
153,bm28170001,中华人民共和国福州海关网站,http://fuzhou.customs.gov.cn,中华人民共和国福州海关办公室,正常
154,bm28180001,中华人民共和国厦门海关网站,http://xiamen.customs.gov.cn,中华人民共和国厦门海关办公室,正常
155,bm28190001,中华人民共和国南昌海关网站,http://nanchang.customs.gov.cn,中华人民共和国南昌海关办公室,正常
156,bm28200001,中华人民共和国青岛海关网站,http://qingdao.customs.gov.cn,青岛海关办公室,正常
157,bm28210001,中华人民共和国济南海关网站,http://jinan.customs.gov.cn/,济南海关办公室,正常
158,bm28220001,中华人民共和国郑州海关网站,http://zhengzhou.customs.gov.cn,郑州海关办公室,正常
159,bm28230001,中华人民共和国武汉海关网站,http://wuhan.customs.gov.cn/,中华人民共和国武汉海关办公室,正常
160,bm28240001,中华人民共和国长沙海关网站,http://changsha.customs.gov.cn/,长沙海关办公室,正常
161,bm28250001,中华人民共和国广州海关网站,http://guangzhou.customs.gov.cn,中华人民共和国广州海关办公室,正常
162,bm28260001,中华人民共和国深圳海关网站,http://shenzhen.customs.gov.cn,中华人民共和国深圳海关办公室,正常
163,bm28270001,中华人民共和国拱北海关,http://gongbei.customs.gov.cn,中华人民共和国拱北海关办公室,正常
164,bm28280001,中华人民共和国汕头海关网站,http://shantou.customs.gov.cn/,中华人民共和国汕头海关办公室,正常
165,bm28290001,中华人民共和国黄埔海关网站,http://huangpu.customs.gov.cn,黄埔海关办公室,正常
166,bm28300001,中华人民共和国江门海关网站,http://jiangmen.customs.gov.cn,江门海关办公室,正常
167,bm28310001,中华人民共和国湛江海关网站,http://zhanjiang.customs.gov.cn,湛江海关办公室,正常
168,bm28320001,中华人民共和国南宁海关网站,http://nanning.customs.gov.cn,南宁海关办公室,正常
169,bm28330001,中华人民共和国海口海关网站,http://haikou.customs.gov.cn/,海口海关办公室,正常
170,bm28340001,中华人民共和国重庆海关网站,http://chongqing.customs.gov.cn/,中华人民共和国重庆海关办公室,正常
171,bm28350001,中华人民共和国成都海关网站,http://chengdu.customs.gov.cn,成都海关办公室,正常
172,bm28360001,中华人民共和国贵阳海关网站,http://guiyang.customs.gov.cn,贵阳海关办公室,正常
173,bm28370001,中华人民共和国昆明海关网站,http://kunming.customs.gov.cn,昆明海关办公室,正常
174,bm28380001,中华人民共和国拉萨海关网站,http://lasa.customs.gov.cn,拉萨海关办公室,正常
175,bm28390001,中华人民共和国西安海关网站,http://xian.customs.gov.cn,中华人民共和国西安海关办公室,正常
176,bm28400001,中华人民共和国兰州海关网站,http://lanzhou.customs.gov.cn/,中华人民共和国兰州海关办公室,正常
177,bm28410001,中华人民共和国西宁海关网站,http://xining.customs.gov.cn,西宁海关办公室,正常
178,bm28420001,中华人民共和国银川海关网站,http://yinchuan.customs.gov.cn/ ,中华人民共和国银川海关办公室,正常
179,bm28430001,中华人民共和国乌鲁木齐海关网站,http://urumqi.customs.gov.cn,中华人民共和国乌鲁木齐海关办公室,正常
180,bm29000002,国家税务总局网站,http://www.chinatax.gov.cn/,国家税务总局,正常
181,bm29010003,国家税务总局北京市税务局,http://beijing.chinatax.gov.cn/bjswj,国家税务总局北京市税务局第四税务分局,正常
182,bm29020004,国家税务总局天津市税务局网站,http://tianjin.chinatax.gov.cn,国家税务总局天津市税务局办公室,正常
183,bm29030010,国家税务总局河北省税务局,http://hebei.chinatax.gov.cn,国家税务总局河北省税务局,正常
184,bm29040001,国家税务总局山西省税务局,http://shanxi.chinatax.gov.cn,国家税务总局山西省税务局,正常
185,bm29050005,国家税务总局内蒙古自治区税务局,http://neimenggu.chinatax.gov.cn,国家税务总局内蒙古自治区税务局,正常
186,bm29060013,国家税务总局辽宁省税务局,http://liaoning.chinatax.gov.cn,国家税务总局辽宁省税务局,正常
187,bm29070007,国家税务总局吉林省税务局,http://jilin.chinatax.gov.cn,国家税务总局吉林省税务局,正常
188,bm29080012,国家税务总局黑龙江省税务局,http://heilongjiang.chinatax.gov.cn/,国家税务总局黑龙江省税务局,正常
189,bm29090019,国家税务总局上海市税务局网站,shanghai.chinatax.gov.cn,国家税务总局上海市税务局,正常
190,bm29100010,国家税务总局江苏省税务局网站,http://jiangsu.chinatax.gov.cn/,国家税务总局江苏省税务局税收宣传中心,正常
191,bm29110072,国家税务总局浙江省税务局,http://zhejiang.chinatax.gov.cn,国家税务总局浙江省税务局办公室,正常
192,bm29120006,国家税务总局安徽省税务局,http://anhui.chinatax.gov.cn/,国家税务总局安徽省税务局纳税服务和宣传中心,正常
193,bm29130001,国家税务总局福建省税务局,http://fujian.chinatax.gov.cn,国家税务总局福建省税务局,正常
194,bm29140135,国家税务总局江西省税务局,http://jiangxi.chinatax.gov.cn,国家税务总局江西省税务局,正常
195,bm29150011,国家税务总局山东省税务局,http://shandong.chinatax.gov.cn,国家税务总局山东省税务局,正常
196,bm29160021,国家税务总局河南省税务局,http://henan.chinatax.gov.cn,国家税务总局河南省税务局,正常
197,bm29170017,国家税务总局湖北省税务局,http://hubei.chinatax.gov.cn,国家税务总局湖北省税务局 纳税服务和宣传中心,正常
198,bm29180017,国家税务总局湖南省税务局,http://hunan.chinatax.gov.cn,国家税务总局湖南省税务局,正常
199,bm29190001,国家税务总局广东省税务局网站,http://guangdong.chinatax.gov.cn,国家税务总局广东省税务局办公室,正常
200,bm29200024,国家税务总局广西壮族自治区税务局网站,http://guangxi.chinatax.gov.cn/,国家税务总局广西壮族自治区税务局,正常
201,bm29210001,国家税务总局海南省税务局,http://hainan.chinatax.gov.cn/,国家税务总局海南省税务局,正常
202,bm29220015,国家税务总局重庆市税务局,http://chongqing.chinatax.gov.cn/,国家税务总局重庆市税务局,正常
203,bm29230019,国家税务总局四川省税务局网站,http://sichuan.chinatax.gov.cn,国家税务总局四川省税务局办公室,正常
204,bm29240003,国家税务总局贵州省税务局网站,http://guizhou.chinatax.gov.cn/,国家税务总局贵州省税务局,正常
205,bm29250001,国家税务总局云南省税务局,http://yunnan.chinatax.gov.cn,国家税务总局云南省税务局纳税服务和宣传中心,正常
206,bm29260003,国家税务总局西藏自治区税务局网站,https://xizang.chinatax.gov.cn,国家税务总局西藏自治区税务局纳税服务中心（税收宣传中心）,正常
207,bm29270146,国家税务总局陕西省税务局网站,http://shaanxi.chinatax.gov.cn,国家税务总局陕西省税务局,正常
208,bm29280001,国家税务总局甘肃省税务局门户网站,http://gansu.chinatax.gov.cn/,国家税务总局甘肃省税务局,正常
209,bm29290001,国家税务总局青海省税务局,http://qinghai.chinatax.gov.cn/,国家税务总局青海省税务局,正常
210,bm29300003,国家税务总局宁夏回族自治区税务局,http://ningxia.chinatax.gov.cn/,国家税务总局宁夏回族自治区税务局,正常
211,bm29310001,国家税务总局新疆维吾尔自治区税务局网站,http://xinjiang.chinatax.gov.cn/,国家税务总局新疆维吾尔自治区税务局,正常
212,bm29320001,国家税务总局大连市税务局网站,http://dalian.chinatax.gov.cn/,国家税务总局大连市税务局纳税服务中心,正常
213,bm29330003,国家税务总局宁波市税务局网站,http://ningbo.chinatax.gov.cn,国家税务总局宁波市税务局,正常
214,bm29340001,国家税务总局厦门市税务局,http://xiamen.chinatax.gov.cn,国家税务总局厦门市税务局纳税服务中心（税收宣传中心）,正常
215,bm29350001,国家税务总局青岛市税务局网站,http://qingdao.chinatax.gov.cn/,国家税务总局青岛市税务局纳税服务中心（税收宣传中心）,正常
216,bm29360001,国家税务总局深圳市税务局网站,http://shenzhen.chinatax.gov.cn/,国家税务总局深圳市税务局,正常
217,bm30000002,中国商标网（国家知识产权局商标局）,https://sbj.cnipa.gov.cn/,国家知识产权局商标局,正常
218,bm30000012,国家市场监督管理总局,http://www.samr.gov.cn/,市场监管总局办公厅,正常
219,bm30000013,国家企业信用信息公示系统,http://www.gsxt.gov.cn/index.html,国家工商行政管理总局企业监管局,正常
220,bm31360001,中国国家认证认可监督管理委员会,http://www.cnca.gov.cn,国家认证认可监督管理委员会,正常
221,bm31370001,国家标准化管理委员会,www.sac.gov.cn,国家标准化管理委员会,正常
222,bm32000001,国家广播电视总局政府网站,http://www.nrta.gov.cn/,国家广播电视总局办公厅,正常
223,bm33000001,国家体育总局,http://www.sport.gov.cn,国家体育总局办公厅,正常
224,bm34000001,中华人民共和国应急管理部,http://www.mem.gov.cn/,中华人民共和国应急管理部,正常
225,bm34000003,国家矿山安全监察局湖北局门户网站,http://hub.chinamine-safety.gov.cn/,国家矿山安全监察局湖北局,正常
226,bm34000004,国家矿山安全监察局,www.chinamine-safety.gov.cn,国家矿山安全监察局,正常
227,bm34000005,国家矿山安全监察局广西局,http://gx.chinamine-safety.gov.cn/,国家矿山安全监察局广西局,正常
228,bm34000006,国家矿山安全监察局吉林局,http://jl.chinamine-safety.gov.cn/,国家矿山安全监察局吉林局,正常
229,bm34000007,国家矿山安全监察局宁夏局,http://nx.chinamine-safety.gov.cn/,国家矿山安全监察局宁夏局,正常
230,bm34000008,国家矿山安全监察局黑龙江局,https://hlj.chinamine-safety.gov.cn/web/webIndex.shtml,国家矿山安全监察局综合司,正常
231,bm34010001,国家矿山安全监察局河北局网站,https://hb.chinamine-safety.gov.cn,国家矿山安全监察局河北局办公室,正常
232,bm34020001,国家矿山安全监察局山西局政府网站,http://shanxi.chinamine-safety.gov.cn,国家矿山安全监察局山西局,正常
233,bm34030003,国家矿山安全监察局内蒙古局,http://nmg.chinamine-safety.gov.cn/,国家矿山安全监察局内蒙古局,正常
234,bm34040004,国家矿山安全监察局辽宁局政府网站,http://ln.chinamine-safety.gov.cn,国家矿山安全监察局辽宁局,正常
235,bm34080003,国家矿山安全监察局安徽局,http://ah.chinamine-safety.gov.cn/,国家矿山安全监察局安徽局,正常
236,bm34090004,国家矿山安全监察局江西局,http://jx.chinamine-safety.gov.cn,国家矿山安全监察局江西局,正常
237,bm34100003,国家矿山安全监察局山东局,sd.chinamine-safety.gov.cn,国家矿山安全监察局山东局,正常
238,bm34110003,国家矿山安全监察局河南局,http://hn.chinamine-safety.gov.cn,国家矿山安全监察局河南局办公室,正常
239,bm34120002,国家矿山安全监察局湖南局,http://hun.chinamine-safety.gov.cn,国家矿山安全监察局湖南局,正常
240,bm34130005,国家矿山安全监察局重庆局网站,http://cq.chinamine-safety.gov.cn/,国家矿山安全监察局重庆局,正常
241,bm34160004,国家矿山安全监察局云南局,http://yn.chinamine-safety.gov.cn,国家矿山安全监察局云南局,正常
242,bm34170003,国家矿山安全监察局陕西局网站,http://shaanxi.chinamine-safety.gov.cn/,国家矿山安全监察局陕西局,正常
243,bm34180002,国家矿山安全监察局甘肃局政府网站,http://gs.chinamine-safety.gov.cn/web/webIndex.shtml,国家矿山安全监察局甘肃局,正常
244,bm34200001,国家矿山安全监察局新疆局,http://xj.chinamine-safety.gov.cn,国家矿山安全监察局新疆局统计中心,正常
245,bm34300001,江苏省消防救援总队,https://js.119.gov.cn,江苏省消防救援总队,正常
246,bm35000001,国家药品监督管理局,http://www.nmpa.gov.cn,国家药品监督管理局综合和规划财务司,正常
247,bm36000001,国家统计局西安调查队公众网,http://xadcd.xa.gov.cn,国家统计局西安调查队,正常
248,bm36000002,国家统计局网站（中国统计信息网）,www.stats.gov.cn,国家统计局统计资料管理中心,正常
249,bm36000003,国家统计局河南调查总队,http://hazd.stats.gov.cn/,国家统计局河南调查总队,正常
250,bm36000008,国家统计局天津调查总队门户网,http://tjzd.stats.gov.cn/,国家统计局天津调查总队,正常
251,bm36000012,国家统计局安徽调查总队公众服务网,http://ahzd.stats.gov.cn,国家统计局安徽调查总队,正常
252,bm36000031,国家统计局新疆调查总队,http://xjzd.stats.gov.cn/,国家统计局新疆调查总队,正常
253,bm36000038,江苏调查总队,https://jszd.stats.gov.cn,国家统计局江苏调查总队,正常
254,bm36000046,浙江调查总队,http://zjzd.stats.gov.cn/,国家统计局浙江调查总队,正常
255,bm36000050,国家统计局广东调查总队公众网,http://gdzd.stats.gov.cn/,国家统计局广东调查总队,正常
256,bm36000054,国家统计局陕西调查总队门户网站,http://snzd.stats.gov.cn,国家统计局陕西调查总队,正常
257,bm36000055,湖南国调信息网,http://hnzd.stats.gov.cn,国家统计局湖南调查总队,正常
258,bm36000066,国家统计局云南调查总队,http://ynzd.stats.gov.cn ,国家统计局云南调查总队,正常
259,bm36000068,国家统计局山西调查总队,sxzd.stats.gov.cn,国家统计局山西调查总队,正常
260,bm37000011,中国森林草原防灭火网,http://slcyfh.mem.gov.cn/,应急管理部办公厅,正常
261,bm37000013,国家林业和草原局政府门户网,http://www.forestry.gov.cn,国家林业和草原局办公室,正常
262,bm38000007,国家知识产权局政府网站,http://www.cnipa.gov.cn,国家知识产权局,正常
263,bm41000001,国务院参事室、中央文史研究馆网站,http://www.counsellor.gov.cn/,国务院参事室,正常
264,bm42000001,中央政府采购网,www.zycg.gov.cn,国家机关事务管理局,正常
265,bm42000002,正版软件采购网,http://www.zbrjcg.gov.cn,国家机关事务管理局,正常
266,bm42000003,国家机关事务管理局（全国机关事务网）,http://www.ggj.gov.cn/,国家机关事务管理局办公室,正常
267,bm44000001,国务院港澳事务办公室,http://www.hmo.gov.cn/,国务院港澳事务办公室,正常
268,bm48000001,中国科学院长春分院,http://www.ccb.cas.cn/,中国科学院长春分院,正常
269,bm48000002,中国科学院,http://www.cas.cn,中国科学院,正常
270,bm48000003,中国科学院办公厅,http://www.go.cas.cn/,中国科学院办公厅,正常
271,bm48000004,中国科学院重大科技基础设施,http://lssf.cas.cn/,中国科学院条件保障与财务局,正常
272,bm48000005,中国科学院科技促进发展局,http://www.std.cas.cn/,中国科学院科技促进发展局,正常
273,bm48000006,中国科学院知识产权与科技成果转化网,http://www.casip.ac.cn/,中国科学院科技促进发展局,正常
274,bm48000008,中国科学院发展规划局,http://www.bdp.cas.cn,中国科学院发展规划局,正常
275,bm48000009,中国科学院离退休干部工作局,http://www.lt.cas.cn,中国科学院离退休干部工作局,正常
276,bm48000010,中国科学院广州分院,http://www.gzb.cas.cn/,中国科学院广州分院,正常
277,bm48000012,香山科学会议,http://www.xssc.ac.cn/,中国科学院前沿科学与教育局,正常
278,bm48000013,中国科学院兰州分院,http://www.lzb.cas.cn/,中国科学院兰州分院,正常
279,bm48000014,中国科学院南京分院,http://www.njb.cas.cn/,中国科学院南京分院,正常
280,bm48000015,中国科学院昆明分院,http://www.kmb.ac.cn/,中国科学院昆明分院,正常
281,bm48000016,中国科学院前沿科学与教育局,http://www.bfse.cas.cn/,中国科学院前沿科学与教育局,正常
282,bm48000017,中国科学院条件保障与财务局,http://www.bpf.cas.cn,中国科学院条件保障与财务局,正常
283,bm48000018,中国科学院武汉分院,http://www.whb.cas.cn,中国科学院武汉分院,正常
284,bm48000019,中国科学院成都分院,http://www.cdb.cas.cn/,中国科学院成都分院,正常
285,bm48000020,中国科学院人事局,www.pe.cas.cn,中国科学院人事局,正常
286,bm48000022,中国科学院学部,http://www.casad.cas.cn/,中国科学院学部工作局,正常
287,bm48000023,中国科学院监督与审计局,http://www.jianshen.cas.cn/,中国科学院监督与审计局,正常
288,bm48000024,中国科学院西安分院 陕西省科学院,http://www.xab.cas.cn/,中国科学院西安分院,正常
289,bm48000025,中国科学院新疆分院,http://www.xjb.cas.cn,中国科学院新疆分院,正常
290,bm48000027,中国科学院重大科技任务局,http://www.bmrdp.cas.cn/,中国科学院重大科技任务局,正常
291,bm48000029,中国科学院沈阳分院,http://www.syb.cas.cn/,中国科学院沈阳分院,正常
292,bm48000030,中国科学院上海分院,www.shb.cas.cn,中国科学院上海分院,正常
293,bm48000032,中国科学院国际合作局,http://www.bic.cas.cn/,中国科学院国际合作局,正常
294,bm48000033,中国科学院网信工作网,http://www.ecas.cas.cn/,中国科学院办公厅,正常
295,bm48000036,中国科学院科学传播局,http://www.bsc.cas.cn/,中国科学院科学传播局,正常
296,bm49000001,中国社会科学院官网,www.cass.cn,中国社会科学院,正常
297,bm49000002,中国地方志,http://www.difangzhi.cn/,中国地方志指导小组办公室,正常
298,bm50000001,中国工程院,http://www.cae.cn,中国工程院办公厅,正常
299,bm51000001,国务院发展研究中心门户网站,http://www.drc.gov.cn/,国务院发展研究中心信息中心,正常
300,bm53000001,中国地震局,http://www.cea.gov.cn/,中国地震局,正常
301,bm53010001,北京市地震局,http://www.bjdzj.gov.cn,北京市地震局,正常
302,bm53020001,天津市地震局,https://www.tjdzj.gov.cn,天津市地震局,正常
303,bm53030001,河北省地震局,www.hbdzj.gov.cn,河北省地震局,正常
304,bm53040001,山西省地震局,http://www.shxdzj.gov.cn,山西省地震局,正常
305,bm53050001,内蒙古自治区地震局,www.nmgdzj.gov.cn,内蒙古自治区地震局,正常
306,bm53060001,辽宁地震信息网,http://lndzj.gov.cn,辽宁省地震局办公室,正常
307,bm53070001,吉林省地震局,http://dzj.jl.gov.cn/,吉林省地震局,正常
308,bm53080001,黑龙江省地震局,http://www.hea.gov.cn,黑龙江省地震局,正常
309,bm53090001,上海市地震局,https://www.shdzj.gov.cn,上海市地震局,正常
310,bm53100001,江苏防震减灾,http://www.jsdzj.gov.cn,江苏省地震局,正常
311,bm53110001,浙江省地震局,http://www.zjdz.gov.cn/,浙江省地震局,正常
312,bm53120001,安徽省防震减灾信息网,http://www.ahdzj.gov.cn,安徽省地震局,正常
313,bm53130001,福建省地震局门户网站,http://www.fjdzj.gov.cn/,福建省地震局,正常
314,bm53140001,江西省地震局,www.jxsdzj.gov.cn,江西省地震局,正常
315,bm53150001,山东省地震局,http://www.sddzj.gov.cn/,山东省地震局,正常
316,bm53160001,河南省地震局,https://www.hendzj.gov.cn/,河南省地震局,正常
317,bm53170001,湖北防震减灾信息网,http://www.eqhb.gov.cn,湖北省地震局,正常
318,bm53180001,湖南省地震局,http://www.hundzj.gov.cn,湖南省地震局,正常
319,bm53190001,广东省地震信息网,http://www.gddzj.gov.cn/,广东省地震局,正常
320,bm53200001,海南省地震局,http://www.haindzj.gov.cn/,海南省地震局,正常
321,bm53210001,广西防震减灾网,www.gxdzj.gov.cn,广西壮族自治区地震局,正常
322,bm53220001,四川省地震局,http://www.scdzj.gov.cn,四川省地震局,正常
323,bm53230001,重庆市地震局,http://www.cqdzj.gov.cn/,重庆市地震局,正常
324,bm53240001,云南防震减灾网,http://yndzj.gov.cn,云南省地震局,正常
325,bm53250001,西藏地震信息网,http://www.xizdzj.gov.cn,西藏自治区地震局,正常
326,bm53260001,陕西地震信息网,http://www.sxdzj.gov.cn,陕西省地震局,正常
327,bm53270001,甘肃地震信息网_兰州地震研究所,http://www.gsdzj.gov.cn/,甘肃省地震局 中国地震局兰州地震研究所,正常
328,bm53280001,青海省地震局,https://www.qhdzj.gov.cn/,青海省地震局,正常
329,bm53290001,宁夏回族自治区地震局门户网站,http://www.nxdzj.gov.cn,宁夏回族自治区地震局,正常
330,bm53300001,新疆维吾尔自治区地震局,http://www.xjdzj.gov.cn/,新疆维吾尔自治区地震局,正常
331,bm54000001,中国气象网,http://www.cma.gov.cn/,中国气象局,正常
332,bm54010001,北京市气象局,http://bj.cma.gov.cn/,北京市气象局办公室,正常
333,bm54020001,天津气象,http://tj.cma.gov.cn/,天津市气象局,正常
334,bm54030001,河北省气象局,http://he.cma.gov.cn/,河北省气象局办公室,正常
335,bm54040001,山西气象,http://sx.cma.gov.cn/,山西省气象局,正常
336,bm54050006,内蒙古自治区气象局政府门户网,http://nm.cma.gov.cn/,内蒙古自治区气象局,正常
337,bm54060001,辽宁省气象局,http://ln.cma.gov.cn,辽宁省气象局办公室,正常
338,bm54070004,吉林省气象局非门户网站,http://jl.cma.gov.cn/,吉林省气象局,正常
339,bm54080001,黑龙江省气象局,http://hl.cma.gov.cn,黑龙江省气象局,正常
340,bm54090001,上海市气象局,http://sh.cma.gov.cn,上海市气象局,正常
341,bm54100001,江苏省气象局,http://js.cma.gov.cn/,江苏省气象局,正常
342,bm54110001,浙江省气象政府网站,http://zj.cma.gov.cn,浙江省气象局办公室,正常
343,bm54120002,安徽省气象局,http://ah.cma.gov.cn,安徽省气象局办公室,正常
344,bm54130001,福建气象,http://fj.cma.gov.cn,福建省气象局,正常
345,bm54140001,江西气象网,http://jx.cma.gov.cn,江西省气象局,正常
346,bm54150001,山东气象网,http://sd.cma.gov.cn/,山东省气象局,正常
347,bm54160001,河南省气象局网站,http://ha.cma.gov.cn/,河南省气象局办公室,正常
348,bm54170001,湖北气象,http://hb.cma.gov.cn,湖北省气象局,正常
349,bm54180001,湖南省气象局,http://hn.cma.gov.cn/,湖南省气象局,正常
350,bm54190008,深圳市气象局（台）,http://weather.sz.gov.cn,深圳市气象局,正常
351,bm54190017,广东省气象局,http://gd.cma.gov.cn,广东省气象局办公室,正常
352,bm54200001,海南省气象局网站,http://hi.cma.gov.cn/,海南省气象局,正常
353,bm54210003,广西气象局,http://gx.cma.gov.cn/,广西壮族自治区气象局,正常
354,bm54220002,四川省气象局,http://sc.cma.gov.cn/,四川省气象局,正常
355,bm54230001,重庆市气象局,http://cq.cma.gov.cn/,重庆市气象局,正常
356,bm54240001,贵州省气象局,http://gz.cma.gov.cn,贵州省气象局,正常
357,bm54250001,云南省气象局,http://yn.cma.gov.cn,云南省气象局办公室,正常
358,bm54260001,西藏自治区气象局,http://xz.cma.gov.cn/,西藏自治区气象局,正常
359,bm54270001,陕西省气象局网站,http://sn.cma.gov.cn,陕西省气象局,正常
360,bm54280001,甘肃省气象局,http://gs.cma.gov.cn/,甘肃省气象局办公室,正常
361,bm54290001,青海气象,http://qh.cma.gov.cn/,青海省气象局办公室,正常
362,bm54300001,宁夏回族自治区气象局网站,http://nx.cma.gov.cn,宁夏回族自治区气象局办公室,正常
363,bm54310001,新疆气象,http://xj.cma.gov.cn/,新疆维吾尔自治区气象局办公室,正常
364,bm55000001,国家金融监督管理总局网站,http://www.cbirc.gov.cn,国家金融监督管理总局办公厅,正常
365,bm56000001,中国证监会政府网站,http://www.csrc.gov.cn/pub/newsite/,中国证监会办公厅,正常
366,bm58000001,全国社会保障基金理事会,http://www.ssf.gov.cn/,全国社会保障基金理事会,正常
367,bm59000001,国家自然科学基金委员会,www.nsfc.gov.cn,国家自然科学基金委员会办公室,正常
368,bm60000001,国家信访局,http://www.gjxfj.gov.cn/,国家信访局,正常
369,bm61000001,国家粮食和物资储备局政府网站,www.lswz.gov.cn,国家粮食和物资储备局,正常
370,bm62000001,国家能源局山西监管办公室门户网站,http://sxb.nea.gov.cn/,国家能源局山西监管办公室,正常
371,bm62000002,国家能源局门户网站,http://www.nea.gov.cn,国家能源局,正常
372,bm62000003,云南能源监管办门户网站,http://ynb.nea.gov.cn/,国家能源局云南监管办公室,正常
373,bm62000004,贵州能源监管办门户网站,http://gzb.nea.gov.cn/,国家能源局贵州监管办公室,正常
374,bm62000005,甘肃能源监管办门户网站,http://gsb.nea.gov.cn/,国家能源局甘肃监管办公室,正常
375,bm62000007,新疆能源监管办门户网站,http://xjb.nea.gov.cn/,国家能源局新疆监管办公室,正常
376,bm62000008,湖南能源监管办门户网站,http://hunb.nea.gov.cn/,国家能源局湖南监管办公室,正常
377,bm62000009,华中能源监管局门户网站,http://hzj.nea.gov.cn/,国家能源局华中监管局,正常
378,bm62000010,西北能源监管局门户网站,http://xbj.nea.gov.cn/,国家能源局西北监管局,正常
379,bm62000011,河南能源监管办门户网站,http://henb.nea.gov.cn,国家能源局河南监管办公室,正常
380,bm62000012,山东能源监管办门户网站,http://sdb.nea.gov.cn,国家能源局山东监管办公室,正常
381,bm62000013,四川能源监管办门户网站,http://scb.nea.gov.cn,国家能源局四川监管办公室,正常
382,bm62000014,南方能源监管局门户网站,http://nfj.nea.gov.cn/,国家能源局南方监管局,正常
383,bm62000015,华北能源监管局门户网站,http://hbj.nea.gov.cn/,国家能源局华北监管局,正常
384,bm62000016,华东能源监管局门户网站,http://www.ecerb.gov.cn/,国家能源局华东监管局,正常
385,bm62000017,福建能源监管办门户网站,http://fjb.nea.gov.cn,国家能源局福建监管办公室,正常
386,bm62000018,浙江能源监管办门户网站,http://zjb.nea.gov.cn,国家能源局浙江监管办公室,正常
387,bm62000019,江苏能源监管办网站,http://jsb.nea.gov.cn/,国家能源局江苏监管办公室,正常
388,bm62000020,东北能源监管局门户网站,http://dbj.nea.gov.cn,国家能源局东北监管局,正常
389,bm62000021,国家能源局电力可靠性管理和工程质量监督中心门户网站,http://prpq.nea.gov.cn,国家能源局,正常
390,bm62000023,国家能源局大坝安全监察中心门户网站,https://dam.nea.gov.cn,国家能源局,正常
391,bm63000001,国家航天局,www.cnsa.gov.cn,国家航天局,正常
392,bm63000002,国家原子能机构政府门户网站；国家原子能机构政府网站；国家原子能机构网站,www.caea.gov.cn,国家原子能机构,正常
393,bm63000003,国家国防科技工业局,www.sastind.gov.cn,国家国防科技工业局,正常
394,bm64000012,国家烟草专卖局 中国烟草总公司,http://www.tobacco.gov.cn/,国家烟草专卖局,正常
395,bm64000013,国家烟草专卖局政务服务行政许可网上办理平台,https://zwfwdt.tobacco.gov.cn/cooperativeWeb/event/tab,国家烟草专卖局,正常
396,bm64010001,北京烟草门户网站,bj.tobacco.gov.cn,北京市烟草专卖局（公司）,正常
397,bm64020001,天津市烟草专卖局（中国烟草总公司天津市公司）,http：//tj.tobacco.gov.cn,天津市烟草专卖局,正常
398,bm64030001,河北省烟草专卖局 中国烟草总公司河北省公司,http://he.tobacco.gov.cn,河北省烟草专卖局,正常
399,bm64040009,山西省烟草专卖局（公司）,http://sx.tobacco.gov.cn,中国烟草总公司山西省公司,正常
400,bm64050001,内蒙古自治区烟草专卖局政府网站,http://nm.tobacco.gov.cn,内蒙古自治区烟草专卖局,正常
401,bm64060001,辽宁省烟草专卖局(公司)网站,http://ln.tobacco.gov.cn/serviceweb/,辽宁省烟草专卖局 办公室,正常
402,bm64070001,吉林省烟草专卖局,http://jl.tobacco.gov.cn,吉林省烟草专卖局,正常
403,bm64080001,黑龙江省烟草专卖局（公司）,"http://hl.tobacco.gov.cn,http://hlj.tobacco.gov.cn",黑龙江省烟草专卖局（公司）,正常
404,bm64090001,上海市烟草专卖局网站,http://www.sh.tobacco.gov.cn/,上海市烟草专卖局,正常
405,bm64100010,江苏省烟草专卖局（中国烟草总公司江苏省公司）,http://js.tobacco.gov.cn/,江苏省烟草专卖局,正常
406,bm64110001,浙江烟草政务网, https://zjyc.tobacco.gov.cn/,浙江省烟草专卖局,正常
407,bm64120017,安徽省烟草专卖局（公司）外部网站,http://ah.tobacco.gov.cn/,安徽省烟草专卖局（公司）办公室,正常
408,bm64130001,福建烟草网,fj.tobacco.gov.cn,福建省烟草专卖局（公司）,正常
409,bm64140001,江西省烟草专卖局外部网站,http://jx.tobacco.gov.cn/,江西省烟草专卖局,正常
410,bm64150002,山东省烟草专卖局（公司)网站,sd.tobacco.gov.cn,山东省烟草专卖局（公司）,正常
411,bm64160001,河南省烟草专卖局,https://ha.tobacco.gov.cn,河南省烟草专卖局,正常
412,bm64170002,湖北省烟草专卖局,https://hb.tobacco.gov.cn/,湖北省烟草专卖局,正常
413,bm64180001,湖南省烟草专卖局（公司）门户网站,hn.tobacco.gov.cn,湖南省烟草专卖局（公司）,正常
414,bm64190001,广东省烟草专卖局（中国烟草总公司广东省公司）网站,https://gd.tobacco.gov.cn/index.html,广东省烟草专卖局,正常
415,bm64200001,海南省烟草专卖局（公司）,https://hi.tobacco.gov.cn,海南省烟草专卖局（公司）,正常
416,bm64210003,广西壮族自治区烟草专卖局（公司）,http://gx.tobacco.gov.cn/gxwwcms/index/index.htm,广西壮族自治区烟草专卖局（公司）办公室,正常
417,bm64220001,四川省烟草专卖局（公司）外部网站,http://sc.tobacco.gov.cn,四川省烟草专卖局（公司）,正常
418,bm64230001,重庆市烟草专卖局网站,cq.tobacco.gov.cn,重庆市烟草专卖局（公司）,正常
419,bm64240002,贵州省烟草专卖局（公司）,http://gz.tobacco.gov.cn/,国家烟草专卖局,正常
420,bm64250001,云南烟草网站,http://yn.tobacco.gov.cn,云南省烟草专卖局（公司）,正常
421,bm64270001,陕西省烟草专卖局,http://sn.tobacco.gov.cn/,陕西省烟草专卖局,正常
422,bm64280001,甘肃省烟草专卖局（公司）,http://gs.tobacco.gov.cn,甘肃省烟草专卖局（公司）,正常
423,bm64290006,宁夏回族自治区烟草专卖局（公司）外网,https://nx.tobacco.gov.cn,宁夏回族自治区烟草专卖局（公司）,正常
424,bm64310001,大连烟草外网,http://dl.tobacco.gov.cn,中国烟草总公司大连市公司,正常
425,bm64320001,深圳市烟草专卖局（公司）外部网站,http://sz.tobacco.gov.cn/index/index.jsp,深圳市烟草专卖局（公司）,正常
426,bm64330001,青海省烟草专卖局门户网站,http://qh.tobacco.gov.cn,青海省烟草专卖局（公司）,正常
427,bm67000001,国家海洋局极地考察办公室官方网站,chinare.mnr.gov.cn,国家海洋局极地考察办公室,正常
428,bm67010001,自然资源部东海局网站,http://ecs.mnr.gov.cn/,自然资源部东海局,正常
429,bm67020001,自然资源部北海局互联网网站,ncs.mnr.gov.cn,自然资源部北海局,正常
430,bm67030001,自然资源部南海局政务网站,http://scs.mnr.gov.cn,自然资源部南海局,正常
431,bm68000002,四川测绘地理信息局,http://scsm.mnr.gov.cn/,四川测绘地理信息局,正常
432,bm68000003,黑龙江(省)测绘地理信息局,http://hlsm.mnr.gov.cn,黑龙江测绘地理信息局,正常
433,bm68000004,海南测绘地理信息局,http://hism.mnr.gov.cn/,海南测绘地理信息局,正常
434,bm68000005,陕西测绘地理信息局,http://snsm.mnr.gov.cn/,陕西测绘地理信息局,正常
435,bm69000001,国家铁路局,http://www.nra.gov.cn,国家铁路局,正常
436,bm70000001,中国民用航空局,http://www.caac.gov.cn/,中国民用航空局综合司,正常
437,bm70010001,中国民用航空华北地区管理局,http://hb.caac.gov.cn/,中国民用航空华北地区管理局办公室,正常
438,bm70020001,中国民用航空东北地区管理局,http://db.caac.gov.cn,中国民用航空东北地区管理局办公室,正常
439,bm70030001,中国民用航空华东地区管理局,http://hd.caac.gov.cn,中国民用航空华东地区管理局办公室,正常
440,bm70040001,中国民用航空中南地区管理局,http://zn.caac.gov.cn/,中国民用航空中南地区管理局办公室,正常
441,bm70050001,中国民用航空西南地区管理局,http://xn.caac.gov.cn/,中国民用航空西南地区管理局办公室,正常
442,bm70060001,中国民用航空西北地区管理局,http://xb.caac.gov.cn,中国民用航空西北地区管理局办公室,正常
443,bm70070001,中国民用航空新疆管理局,http://xj.caac.gov.cn/,中国民用航空新疆管理局办公室,正常
444,bm71000001,国家邮政局网,http://www.spb.gov.cn/,国家邮政局办公室,正常
445,bm71010001,北京市邮政管理局网,http://bj.spb.gov.cn/,北京市邮政管理局办公室,正常
446,bm71020001,天津市邮政管理局网,http://tj.spb.gov.cn/,天津市邮政管理局办公室,正常
447,bm71030012,河北省邮政管理局网,http://he.spb.gov.cn,河北省邮政管理局办公室,正常
448,bm71040012,山西省邮政管理局网,http://sx.spb.gov.cn/,山西省邮政管理局办公室,正常
449,bm71050013,内蒙古自治区邮政管理局网,http://nm.spb.gov.cn/,内蒙古自治区邮政管理局办公室,正常
450,bm71060014,辽宁省邮政管理局网,http://ln.spb.gov.cn/,辽宁省邮政管理局办公室,正常
451,bm71070010,吉林省邮政管理局网,http://jl.spb.gov.cn,吉林省邮政管理局办公室,正常
452,bm71080014,黑龙江省邮政管理局网,http://hl.spb.gov.cn/,黑龙江省邮政管理局办公室,正常
453,bm71090001,上海市邮政管理局网,http://sh.spb.gov.cn/,上海市邮政管理局办公室,正常
454,bm71100005,江苏省邮政管理局网,http://js.spb.gov.cn/,江苏省邮政管理局办公室,正常
455,bm71110011,浙江省邮政管理局网,http://zj.spb.gov.cn/,浙江省邮政管理局办公室,正常
456,bm71120011,安徽省邮政管理局网,http://ah.spb.gov.cn/,安徽省邮政管理局办公室,正常
457,bm71130010,福建省邮政管理局网,http://fj.spb.gov.cn/,福建省邮政管理局办公室,正常
458,bm71140012,江西省邮政管理局网,http://jx.spb.gov.cn/,江西省邮政管理局办公室,正常
459,bm71150001,山东省邮政管理局网,http://sd.spb.gov.cn,山东省邮政管理局办公室,正常
460,bm71160017,河南省邮政管理局网,http://ha.spb.gov.cn/,河南省邮政管理局办公室,正常
461,bm71170001,湖北省邮政管理局网,http://hb.spb.gov.cn/,湖北省邮政管理局办公室,正常
462,bm71180015,湖南省邮政管理局网,http://hn.spb.gov.cn/,湖南省邮政管理局办公室,正常
463,bm71190021,广东省邮政管理局网,http://gd.spb.gov.cn/,广东省邮政管理局办公室,正常
464,bm71200015,广西壮族自治区邮政管理局网,http://gx.spb.gov.cn/,广西壮族自治区邮政管理局办公室,正常
465,bm71210001,海南省邮政管理局网,http://hi.spb.gov.cn/,海南省邮政管理局办公室,正常
466,bm71220001,重庆市邮政管理局网,http://cq.spb.gov.cn/,重庆市邮政管理局办公室,正常
467,bm71230001,四川省邮政管理局网,http://sc.spb.gov.cn/,四川省邮政管理局办公室,正常
468,bm71240001,贵州省邮政管理局网,http://gz.spb.gov.cn/,贵州省邮政管理局办公室,正常
469,bm71250017,云南省邮政管理局网,http://yn.spb.gov.cn/,云南省邮政管理局办公室,正常
470,bm71260002,西藏自治区邮政管理局网,http://xz.spb.gov.cn/,西藏自治区邮政管理局办公室,正常
471,bm71270010,陕西省邮政管理局网,http://sn.spb.gov.cn/,陕西省邮政管理局办公室,正常
472,bm71280015,甘肃省邮政管理局网,http://gs.spb.gov.cn/,甘肃省邮政管理局办公室,正常
473,bm71290009,青海省邮政管理局网,http://qh.spb.gov.cn/,青海省邮政管理局办公室,正常
474,bm71300001,宁夏回族自治区邮政管理局网,http://nx.spb.gov.cn/,宁夏回族自治区邮政管理局办公室,正常
475,bm71310015,新疆维吾尔自治区邮政管理局网,http://xj.spb.gov.cn/,新疆维吾尔自治区邮政管理局办公室,正常
476,bm72000002,国家文物局,http://www.ncha.gov.cn,国家文物局,正常
477,bm73000001,国家中医药管理局政府网站,http://www.satcm.gov.cn/,国家中医药管理局,正常
478,bm74000001,国家外汇管理局政府网站,http://www.safe.gov.cn		,国家外汇管理局,正常
479,bm74010001,国家外汇管理局天津市分局网站,http://www.safe.gov.cn/tianjin/,国家外汇管理局天津市分局,正常
480,bm74020001,国家外汇管理局上海市分局网站,http://www.safe.gov.cn/shanghai/,国家外汇管理局上海市分局,正常
481,bm74030001,国家外汇管理局辽宁省分局网站,http://www.safe.gov.cn/liaoning/,国家外汇管理局辽宁省分局,正常
482,bm74040001,国家外汇管理局江苏省分局网站,http://www.safe.gov.cn/jiangsu/,国家外汇管理局江苏省分局,正常
483,bm74050001,国家外汇管理局山东省分局网站,http://www.safe.gov.cn/shandong/,国家外汇管理局山东省分局,正常
484,bm74060001,国家外汇管理局湖北省分局网站,http://www.safe.gov.cn/hubei/,国家外汇管理局湖北省分局,正常
485,bm74070001,国家外汇管理局广东省分局网站,http://www.safe.gov.cn/guangdong/,国家外汇管理局广东省分局,正常
486,bm74080001,国家外汇管理局四川省分局网站,http://www.safe.gov.cn/sichuan,国家外汇管理局四川省分局,正常
487,bm74090001,国家外汇管理局陕西省分局网站,http://www.safe.gov.cn/shaanxi/,国家外汇管理局陕西省分局,正常
488,bm74100001,国家外汇管理局北京外汇管理部网站,http://www.safe.gov.cn/beijing/,国家外汇管理局北京外汇管理部,正常
489,bm74110001,国家外汇管理局重庆外汇管理部网站,http://www.safe.gov.cn/chongqing/,国家外汇管理局重庆外汇管理部,正常
490,bm74120001,国家外汇管理局河北省分局网站,http://www.safe.gov.cn/hebei/,国家外汇管理局河北省分局,正常
491,bm74130001,国家外汇管理局山西省分局网站,http://www.safe.gov.cn/shanxi/,国家外汇管理局山西省分局,正常
492,bm74140001,国家外汇管理局内蒙古自治区分局网站,http://www.safe.gov.cn/neimenggu/,国家外汇管理局内蒙古自治区分局,正常
493,bm74150001,国家外汇管理局吉林省分局网站,http://www.safe.gov.cn/jilin/,国家外汇管理局吉林省分局,正常
494,bm74160001,国家外汇管理局黑龙江省分局网站, http://www.safe.gov.cn/heilongjiang/,国家外汇管理局黑龙江省分局,正常
495,bm74170001,国家外汇管理局浙江省分局网站,http://www.safe.gov.cn/zhejiang/,国家外汇管理局浙江省分局,正常
496,bm74180001,国家外汇管理局福建省分局网站,http://www.safe.gov.cn/fujian/,国家外汇管理局福建省分局,正常
497,bm74190001,国家外汇管理局安徽省分局网站,http://www.safe.gov.cn/anhui/,国家外汇管理局安徽省分局,正常
498,bm74200001,国家外汇管理局河南省分局网站,http://www.safe.gov.cn/henan/,国家外汇管理局河南省分局,正常
499,bm74210001,国家外汇管理局江西省分局网站,http://www.safe.gov.cn/jiangxi,国家外汇管理局江西省分局,正常
500,bm74220001,国家外汇管理局湖南省分局网站,http://www.safe.gov.cn/hunan/index.html,国家外汇管理局湖南省分局,正常
501,bm74230001,国家外汇管理局广西壮族自治区分局网站,https://www.safe.gov.cn/guangxi/,国家外汇管理局广西壮族自治区分局,正常
502,bm74240001,国家外汇管理局海南省分局网站,http://www.safe.gov.cn/hainan,国家外汇管理局海南省分局,正常
503,bm74250001,国家外汇管理局贵州省分局网站,http://www.safe.gov.cn/guizhou/index.html,国家外汇管理局贵州省分局,正常
504,bm74260001,国家外汇管理局云南省分局网站,http://www.safe.gov.cn/yunnan/,国家外汇管理局云南省分局,正常
505,bm74270001,国家外汇管理局西藏自治区分局网站,http://www.safe.gov.cn/xizang/,国家外汇管理局西藏自治区分局,正常
506,bm74280001,国家外汇管理局甘肃省分局网站,http://www.safe.gov.cn/gansu/,国家外汇管理局甘肃省分局,正常
507,bm74290001,国家外汇管理局宁夏回族自治区分局网站,http://www.safe.gov.cn/ningxia/,国家外汇管理局宁夏回族自治区分局,正常
508,bm74300001,国家外汇管理局青海省分局网站,http://www.safe.gov.cn/qinghai/,国家外汇管理局青海省分局,正常
509,bm74310001,国家外汇管理局新疆维吾尔自治区分局网站,http://www.safe.gov.cn/xinjiang/,国家外汇管理局新疆维吾尔自治区分局,正常
510,bm74320001,国家外汇管理局深圳市分局网站,http://www.safe.gov.cn/shenzhen/,国家外汇管理局深圳市分局,正常
511,bm74330001,国家外汇管理局大连市分局网站,http://www.safe.gov.cn/dalian/index.html,国家外汇管理局大连市分局,正常
512,bm74340001,国家外汇管理局青岛市分局网站,http://www.safe.gov.cn/qingdao/,国家外汇管理局青岛市分局,正常
513,bm74350001,国家外汇管理局厦门市分局网站,http://www.safe.gov.cn/xiamen/,国家外汇管理局厦门市分局,正常
514,bm74360001,国家外汇管理局宁波市分局网站,http://www.safe.gov.cn/ningbo/,国家外汇管理局宁波市分局,正常
515,bm75000001,国家矿山安全监察局贵州局,https://gz.chinamine-safety.gov.cn/,国家矿山安全监察局,正常
516,bm75000002,国家矿山安全监察局四川局,http://sc.chinamine-safety.gov.cn/,国家矿山安全监察局,正常
517,bm75000003,国家矿山安全监察局广东局,http://gd.chinamine-safety.gov.cn,国家矿山安全监察局综合司,正常
518,bm76000001,国家乡村振兴局门户网站,http://nrra.gov.cn/,国家乡村振兴局,正常
519,bm80000001,中共中央台湾工作办公室国务院台湾事务办公室,http://www.gwytb.gov.cn/,中共中央台湾工作办公室、国务院台湾事务办公室信息中心,正常
520,bm82000001,国家安全部建审许可服务网,http://www.jsxk.gov.cn,国家安全部办公厅,正常
521,bm83000001,国家医疗保障局,http://www.nhsa.gov.cn/,国家医疗保障局办公厅,正常
522,bm84000001,中华人民共和国退役军人事务部,http://www.mva.gov.cn,退役军人事务部,正常
523,bm84000002,中国双拥网,http://sy.mva.gov.cn/,中华人民共和国退役军人事务部,正常
524,bm85000001,国家国际发展合作署,http://www.cidca.gov.cn/,bm8500,正常
525,bm86000001,国家移民管理局,https://www.nia.gov.cn/,国家移民管理局,正常
526,bm87000001,北斗卫星导航系统,http://www.beidou.gov.cn,中国卫星导航系统管理办公室,正常
527,bm88000001,广西壮族自治区消防救援总队网站,http://gx.119.gov.cn,广西壮族自治区消防救援总队,正常
528,bm88000002,云南消防政务网,http://yn.119.gov.cn,云南省消防救援总队,正常
529,bm88000003,四川省消防救援总队,https://sc.119.gov.cn,四川省消防救援总队新闻宣传处,正常
530,bm88000005,江西省消防救援总队门户网站,http://jx.119.gov.cn/,应急管理部消防救援局,正常
531,bm88000006,海南省消防救援总队,http://hi.119.gov.cn,海南省消防救援总队,正常
532,bm88000007,福建省消防救援总队,http://fj.119.gov.cn,国家消防救援局,正常
533,bm88000008,上海市消防救援总队,http://sh.119.gov.cn,国家消防救援局,正常
